Issue Type,Summary,Description,Assignee,Priority,Story Points,Labels
Epic,–ë–ª–æ–∫ 1: –¢–µ—Ö–Ω–∏—á–µ—Å–∫–∞—è –æ—Å–Ω–æ–≤–∞ –∏ –ö–æ–Ω—Ç–µ–Ω—Ç,"–ù–∞—Å—Ç—Ä–æ–π–∫–∞ –∏–Ω—Ñ—Ä–∞—Å—Ç—Ä—É–∫—Ç—É—Ä—ã, —Å–æ–∑–¥–∞–Ω–∏–µ –∫–æ–Ω—Ç–µ–Ω—Ç–∞ –∏ –∑–∞–ø—É—Å–∫ GMB.",,Highest,50,"block-1"
Story,üì¶ –°–±–æ—Ä –¥–∞–Ω–Ω—ã—Ö –∏ —Ñ–∞–∫—Ç—É—Ä—ã (Nini),"**–°—É—Ç—å:** –°–æ–±—Ä–∞—Ç—å –≤—Å—é –∏–Ω—Ñ–æ—Ä–º–∞—Ü–∏—é –≤ –æ–¥–Ω–æ–º –º–µ—Å—Ç–µ.
**–ß–µ–∫–ª–∏—Å—Ç:**
* –ó–∞–ø–æ–ª–Ω–∏—Ç—å –∞–Ω–∫–µ—Ç—É –±–∏–∑–Ω–µ—Å–∞
* –°–æ–±—Ä–∞—Ç—å 30-40 –≤–æ–ø—Ä–æ—Å–æ–≤ –æ—Ç –∫–ª–∏–µ–Ω—Ç–æ–≤
* –°–æ–±—Ä–∞—Ç—å —Ñ–∞–∫—Ç—ã –¥–ª—è ""–û –∫–æ–º–ø–∞–Ω–∏–∏""",–ù–∏–Ω–∏,High,8,"content,data"
Story,‚úçÔ∏è –°–æ–∑–¥–∞–Ω–∏–µ –∫–æ–Ω—Ç–µ–Ω—Ç–∞ –∏ –ü–µ—Ä–µ–≤–æ–¥—ã (Nini),"**–°—É—Ç—å:** –ù–∞–ø–∏—Å–∞—Ç—å —Ç–µ–∫—Å—Ç—ã –Ω–∞ —Ä—É—Å—Å–∫–æ–º –∏ –ø–µ—Ä–µ–≤–µ—Å—Ç–∏ (KA - —Å–∞–º–∞, EN - AI).
**–ß–µ–∫–ª–∏—Å—Ç:**
* –û–ø–∏—Å–∞–Ω–∏—è –¥–ª—è GMB –∏ FAQ (RU)
* –ü–µ—Ä–µ–≤–æ–¥ –Ω–∞ –ì—Ä—É–∑–∏–Ω—Å–∫–∏–π (Native)
* –ü–µ—Ä–µ–≤–æ–¥ –Ω–∞ –ê–Ω–≥–ª–∏–π—Å–∫–∏–π (AI)",–ù–∏–Ω–∏,High,13,"content,translation"
Story,üöÄ –ó–∞–ø—É—Å–∫ Google My Business (Nastya),"**–°—É—Ç—å:** –í–µ—Ä–∏—Ñ–∏–∫–∞—Ü–∏—è –∏ –æ—Ñ–æ—Ä–º–ª–µ–Ω–∏–µ –ø—Ä–æ—Ñ–∏–ª–µ–π –Ω–∞ –∫–∞—Ä—Ç–∞—Ö.
**–ß–µ–∫–ª–∏—Å—Ç:**
* 20+ —Ñ–æ—Ç–æ –¥–ª—è –∫–∞–∂–¥–æ–π –ª–æ–∫–∞—Ü–∏–∏
* –°–æ–∑–¥–∞–Ω–∏–µ –∏ –∑–∞–ø–æ–ª–Ω–µ–Ω–∏–µ –ø—Ä–æ—Ñ–∏–ª–µ–π
* –í–µ—Ä–∏—Ñ–∏–∫–∞—Ü–∏—è (–∫–æ–¥)",–ù–∞—Å—Ç—è,High,8,"gmb,marketing"
Story,üîç SEO –û–ø—Ç–∏–º–∏–∑–∞—Ü–∏—è (Nastya),"**–°—É—Ç—å:** –ê–¥–∞–ø—Ç–∞—Ü–∏—è –∫–æ–Ω—Ç–µ–Ω—Ç–∞ –¥–ª—è –ø–æ–∏—Å–∫–∞.
**–ß–µ–∫–ª–∏—Å—Ç:**
* –ü–æ–¥–±–æ—Ä –∫–ª—é—á–µ–≤—ã—Ö —Å–ª–æ–≤ (RU/EN/KA)
* –í–Ω–µ–¥—Ä–µ–Ω–∏–µ –∫–ª—é—á–µ–π –≤ —Ç–µ–∫—Å—Ç—ã
* –¢–∞–±–ª–∏—Ü–∞ —Ç–æ–≤–∞—Ä–æ–≤ –¥–ª—è Schema",–ù–∞—Å—Ç—è,High,5,"seo,marketing"
Story,‚öôÔ∏è –†–∞–∑—Ä–∞–±–æ—Ç–∫–∞ —Ä–∞–∑–¥–µ–ª–∞ FAQ (Ivan),"**–°—É—Ç—å:** –°–æ–∑–¥–∞–Ω–∏–µ —Ä–∞–∑–¥–µ–ª–∞ –Ω–∞ —Å–∞–π—Ç–µ.
**–ß–µ–∫–ª–∏—Å—Ç:**
* –í–µ—Ä—Å—Ç–∫–∞ /faq/ —Å –∞–∫–∫–æ—Ä–¥–µ–æ–Ω–æ–º
* –ü–µ—Ä–µ–∫–ª—é—á–µ–Ω–∏–µ —è–∑—ã–∫–æ–≤
* –í–∏–¥–∂–µ—Ç—ã GMB –≤ –∫–æ–Ω—Ç–∞–∫—Ç–∞—Ö",–ò–≤–∞–Ω,High,8,"dev,web"
Story,ü§ñ –í–Ω–µ–¥—Ä–µ–Ω–∏–µ Schema.org (Ivan),"**–°—É—Ç—å:** –†–∞–∑–º–µ—Ç–∫–∞ –¥–∞–Ω–Ω—ã—Ö –¥–ª—è AI.
**–ß–µ–∫–ª–∏—Å—Ç:**
* JSON-LD –¥–ª—è FAQPage
* LocalBusiness –∏ Organization
* Product/Service Schema
* –í–∞–ª–∏–¥–∞—Ü–∏—è",–ò–≤–∞–Ω,High,8,"dev,seo,schema"
